{
  "timestamp": 1773149522.5061076,
  "metrics": {
    "avg_wait": 59.81520135135223,
    "throughput": 0.0,
    "queue_lengths": {
      "ns": 7,
      "ew": 20
    },
    "vehicles_total": 74,
    "exited_total": 13,
    "weather": "snow",
    "rush_hour": false,
    "pedestrians": 26,
    "close_calls": 119,
    "avg_speed": 0.17992694589331656,
    "vehicle_mix": {
      "CAR": 74,
      "BUS": 0,
      "TRUCK": 0,
      "MOTORCYCLE": 0,
      "EMERGENCY": 0
    },
    "pedestrian_signals": {
      "ns_cross": "STOP",
      "ew_cross": "WALK"
    }
  },
  "wait_history": [
    55.24833479452124,
    55.24833479452124,
    55.282269726028105,
    55.282269726028105,
    55.31620465753495,
    55.31620465753495,
    55.35089369863083,
    55.35089369863083,
    55.38407452054865,
    55.38407452054865,
    55.41800945205549,
    55.41800945205549,
    55.454206712329466,
    55.454206712329466,
    55.4896498630144,
    55.4896498630144,
    55.52961767123358,
    55.52961767123358,
    55.564306712329476,
    55.564306712329476,
    55.602012191781526,
    55.602012191781526,
    55.635947123288375,
    55.635947123288375,
    55.67063616438428,
    55.67063616438428,
    55.716888219178784,
    55.716888219178784,
    55.764145753425375,
    55.764145753425375,
    55.8144197260281,
    55.8144197260281,
    55.8636882191788,
    55.8636882191788,
    55.91195123287742,
    55.91195123287742,
    55.960214246576044,
    55.960214246576044,
    56.00948273972674,
    56.00948273972674,
    56.0527183561651,
    56.0527183561651,
    56.09897041095962,
    56.09897041095962,
    56.14522246575416,
    56.14522246575416,
    56.1884580821925,
    56.1884580821925,
    56.236721095891134,
    56.236721095891134,
    56.27995671232949,
    56.27995671232949,
    56.32821972602813,
    56.32821972602813,
    56.370449863014436,
    56.370449863014436,
    56.42273479452129,
    56.42273479452129,
    56.46597041095964,
    56.46597041095964,
    56.510211506850055,
    56.510211506850055,
    56.55545808219254,
    56.55545808219254,
    56.600704657535,
    56.600704657535,
    56.645951232877465,
    56.645951232877465,
    56.68818136986377,
    56.68818136986377,
    56.73041150685007,
    56.73041150685007,
    56.77163616438432,
    56.77163616438432,
    56.8098443835624,
    56.8098443835624,
    56.854085479452806,
    56.854085479452806,
    56.89933205479528,
    56.89933205479528,
    56.94457863013775,
    56.94457863013775,
    56.992841643836385,
    56.992841643836385,
    57.056438219178844,
    57.056438219178844,
    57.13275410958982,
    57.13275410958982,
    57.20464589041173,
    57.20464589041173,
    57.282118082192554,
    57.282118082192554,
    57.35496506849392,
    57.35496506849392,
    57.40584232876789,
    57.40584232876789,
    57.45325068493228,
    57.45325068493228,
    57.4995027397268,
    57.4995027397268,
    57.54922369863093,
    57.54922369863093,
    57.59778835616516,
    57.59778835616516,
    57.6463530136994,
    57.6463530136994,
    57.69029246575422,
    57.69029246575422,
    57.73654452054873,
    57.73654452054873,
    57.78395287671312,
    57.78395287671312,
    57.04831891891972,
    57.04831891891972,
    57.09354918918996,
    57.09354918918996,
    57.13996972973052,
    57.13996972973052,
    57.18058770270348,
    57.18058770270348,
    57.20508743243321,
    57.20508743243321,
    57.22829770270349,
    57.22829770270349,
    57.243771216217,
    57.243771216217,
    57.25884797297378,
    57.25884797297378,
    57.2741231081089,
    57.2741231081089,
    57.28959662162241,
    57.28959662162241,
    57.30546689189269,
    57.30546689189269,
    57.32094040540622,
    57.32094040540622,
    57.33641391891972,
    57.33641391891972,
    57.352284189189994,
    57.352284189189994,
    57.368551216217014,
    57.368551216217014,
    57.384024729730534,
    57.384024729730534,
    57.39989500000079,
    57.39989500000079,
    57.415368513514316,
    57.415368513514316,
    57.431238783784586,
    57.431238783784586,
    57.446712297298106,
    57.446712297298106,
    57.461789054054876,
    57.461789054054876,
    57.47726256756837,
    57.47726256756837,
    57.49313283783865,
    57.49313283783865,
    57.509003108108914,
    57.509003108108914,
    57.5239310810819,
    57.5239310810819,
    57.540594864865696,
    57.540594864865696,
    57.55646513513596,
    57.55646513513596,
    57.57154189189271,
    57.57154189189271,
    57.62609594594677,
    57.62609594594677,
    57.68312972973055,
    57.68312972973055,
    57.73396418919003,
    57.73396418919003,
    57.784798648649485,
    57.784798648649485,
    57.82348243243326,
    57.82348243243326,
    57.85601648648733,
    57.85601648648733,
    57.88934405405489,
    57.88934405405489,
    57.928226216217055,
    57.928226216217055,
    57.95996675675761,
    57.95996675675761,
    57.99646837837921,
    57.99646837837921,
    58.0305894594603,
    58.0305894594603,
    58.064710540541384,
    58.064710540541384,
    58.09883162162246,
    58.09883162162246,
    58.13215918919002,
    58.13215918919002,
    58.16707378378462,
    58.16707378378462,
    58.2067494594603,
    58.2067494594603,
    58.243251081081915,
    58.243251081081915,
    58.27816567567653,
    58.27816567567653,
    58.31308027027112,
    58.31308027027112,
    58.34878837837921,
    58.34878837837921,
    58.38529000000084,
    58.38529000000084,
    58.417824054054904,
    58.417824054054904,
    58.45511918919005,
    58.45511918919005,
    58.48924027027112,
    58.48924027027112,
    58.520980810811665,
    58.520980810811665,
    58.55113432432519,
    58.55113432432519,
    58.58604891891978,
    58.58604891891978,
    58.61699594594679,
    58.61699594594679,
    58.64873648648735,
    58.64873648648735,
    58.68127054054139,
    58.68127054054139,
    58.71459810810898,
    58.71459810810898,
    58.74713216216303,
    58.74713216216303,
    58.77887270270355,
    58.77887270270355,
    58.81220027027112,
    58.81220027027112,
    58.84473432432518,
    58.84473432432518,
    58.87647486486572,
    58.87647486486572,
    58.907421891892746,
    58.907421891892746,
    58.93836891891978,
    58.93836891891978,
    58.97090297297384,
    58.97090297297384,
    59.001850000000864,
    59.001850000000864,
    59.03200351351439,
    59.03200351351439,
    59.062950540541415,
    59.062950540541415,
    59.093104054054926,
    59.093104054054926,
    59.12405108108196,
    59.12405108108196,
    59.154204594595456,
    59.154204594595456,
    59.184358108108995,
    59.184358108108995,
    59.21451162162249,
    59.21451162162249,
    59.245458648649524,
    59.245458648649524,
    59.27481864864952,
    59.27481864864952,
    59.30655918919005,
    59.30655918919005,
    59.33829972973061,
    59.33829972973061,
    59.37004027027113,
    59.37004027027113,
    59.40336783783871,
    59.40336783783871,
    59.43590189189276,
    59.43590189189276,
    59.46764243243331,
    59.46764243243331,
    59.49858945946032,
    59.49858945946032,
    59.53191702702791,
    59.53191702702791,
    59.56365756756845,
    59.56365756756845,
    59.59381108108196,
    59.59381108108196,
    59.62634513513601,
    59.62634513513601,
    59.657292162163046,
    59.657292162163046,
    59.68823918919007,
    59.68823918919007,
    59.721566756757646,
    59.721566756757646,
    59.75251378378467,
    59.75251378378467,
    59.78266729729818,
    59.78266729729818,
    59.81520135135223,
    59.81520135135223
  ],