{
  "timestamp": 1773493767.970782,
  "metrics": {
    "avg_wait": 5.201583333333331,
    "throughput": 0.0,
    "queue_lengths": {
      "ns": 2,
      "ew": 6
    },
    "vehicles_total": 12,
    "exited_total": 0,
    "weather": "clear",
    "rush_hour": false,
    "pedestrians": 8,
    "close_calls": 3,
    "avg_speed": 1.9815141179745785,
    "vehicle_mix": {
      "CAR": 6,
      "TRUCK": 2,
      "MOTORCYCLE": 4,
      "BUS": 0,
      "EMERGENCY": 0
    },
    "pedestrian_signals": {
      "ns_cross": "WALK",
      "ew_cross": "STOP"
    },
    "current_phase": "ew_green",
    "phase_remaining": 22.519000000000002,
    "safety_violations": 0,
    "recording": false,
    "paused": false,
    "playback_active": false,
    "playback_total": 0,
    "playback_index": 0
  },
  "wait_history": [
    2.2803999999999944,
    2.290399999999994,
    2.300399999999994,
    2.311899999999994,
    2.3218999999999936,
    2.3323999999999936,
    2.3423999999999934,
    2.352399999999993,
    2.3628999999999936,
    2.3728999999999933,
    2.3838999999999935,
    2.3948999999999936,
    2.4048999999999934,
    2.4153999999999933,
    2.425399999999993,
    2.4358999999999935,
    2.4458999999999933,
    2.456399999999993,
    2.4658999999999933,
    2.4768999999999934,
    2.487399999999993,
    2.4973999999999927,
    2.507899999999993,
    2.5173999999999928,
    2.5278999999999927,
    2.5373999999999937,
    2.5478999999999927,
    2.558399999999993,
    2.5693999999999937,
    2.5798999999999936,
    2.5908999999999933,
    2.6013999999999937,
    2.6118999999999937,
    2.621899999999994,
    2.6318999999999932,
    2.6433999999999935,
    2.653899999999993,
    2.664399999999993,
    2.6738999999999935,
    2.684399999999993,
    2.449454545454539,
    2.458999999999994,
    2.4680909090909027,
    2.4780909090909025,
    2.487636363636357,
    2.496727272727266,
    2.5062727272727208,
    2.5149090909090845,
    2.523999999999994,
    2.533545454545448,
    2.542636363636357,
    2.5521818181818117,
    2.5667272727272663,
    2.57536363636363,
    2.5849090909090844,
    2.593999999999993,
    2.603545454545448,
    2.6121818181818117,
    2.621727272727266,
    2.6321818181818113,
    2.6412727272727206,
    2.650818181818175,
    2.66036363636363,
    2.6699090909090843,
    2.6794545454545386,
    2.6885454545454475,
    2.6980909090909027,
    2.710818181818175,
    2.7222727272727205,
    2.7337272727272666,
    2.74736363636363,
    2.760090909090902,
    2.774090909090903,
    2.7868181818181754,
    2.800181818181811,
    2.814818181818175,
    2.8275454545454473,
    2.8409090909090833,
    2.85427272727272,
    2.867636363636357,
    2.880999999999993,
    2.894999999999993,
    2.9077272727272656,
    2.9229999999999934,
    2.936363636363629,
    2.949727272727266,
    2.9630909090909014,
    2.9764545454545384,
    2.9904545454545386,
    3.004454545454539,
    3.019090909090902,
    3.032454545454539,
    3.0464545454545386,
    3.0604545454545384,
    3.074454545454539,
    3.0884545454545393,
    3.103090909090902,
    3.11836363636363,
    3.1349090909090847,
    3.1489090909090844,
    3.163545454545448,
    3.178181818181811,
    3.1940909090909027,
    3.2099999999999933,
    3.2335454545454483,
    3.256454545454538,
    3.2787272727272665,
    3.2978181818181755,
    3.319454545454539,
    3.3353636363636294,
    3.350636363636357,
    3.3652727272727208,
    3.3786363636363563,
    3.393272727272721,
    3.4066363636363572,
    3.4199999999999933,
    3.4339999999999935,
    3.448636363636356,
    3.463909090909084,
    3.479909090909084,
    3.494454545454538,
    3.5089999999999932,
    3.5242727272727197,
    3.539545454545447,
    3.5548181818181748,
    3.5744545454545387,
    3.5904545454545382,
    3.605727272727266,
    3.6209999999999933,
    3.63627272727272,
    3.6515454545454484,
    3.666818181818176,
    3.682090909090902,
    3.6980909090909027,
    3.7140909090909022,
    3.72936363636363,
    3.7446363636363573,
    3.759181818181811,
    3.774454545454539,
    3.788999999999994,
    3.8064545454545384,
    3.8209999999999926,
    3.8377272727272658,
    3.852999999999993,
    3.868999999999993,
    3.8857272727272654,
    3.9017272727272654,
    3.916999999999992,
    3.934454545454538,
    3.9497272727272654,
    3.9657272727272646,
    3.9809999999999928,
    3.996999999999993,
    4.012999999999994,
    4.028272727272721,
    4.045727272727265,
    4.061727272727267,
    4.07627272727272,
    4.0915454545454475,
    4.106818181818175,
    4.122090909090903,
    4.136636363636356,
    4.151909090909084,
    4.167181818181811,
    4.1831818181818115,
    4.197727272727266,
    4.213727272727265,
    4.229727272727266,
    4.244999999999994,
    4.260272727272721,
    4.274818181818176,
    4.292999999999994,
    4.308272727272722,
    4.3235454545454495,
    4.338818181818176,
    4.35336363636363,
    4.367909090909086,
    4.383181818181812,
    4.397727272727266,
    4.415181818181812,
    4.430454545454539,
    4.444999999999993,
    4.460999999999994,
    4.475545454545448,
    4.490818181818176,
    4.506090909090903,
    4.5220909090909025,
    4.541727272727266,
    4.557727272727266,
    4.572272727272722,
    4.588272727272721,
    4.602818181818176,
    4.6180909090909035,
    4.632636363636357,
    4.648636363636357,
    4.66536363636363,
    4.679909090909083,
    4.695181818181811,
    4.710454545454539,
    4.725727272727267,
    4.740999999999994,
    4.756272727272722,
    4.774454545454541,
    4.789727272727268,
    4.804999999999995,
    4.822454545454541,
    4.839181818181813,
    4.855909090909086,
    4.872636363636358,
    4.890818181818177,
    4.911181818181813,
    4.927181818181814,
    4.943181818181814,
    4.959909090909085,
    4.976636363636358,
    4.993363636363632,
    5.010090909090904,
    5.0289999999999955,
    5.0449999999999955,
    5.060999999999995,
    5.077727272727267,
    5.0922727272727215,
    5.107545454545449,
    4.695916666666663,
    4.7112499999999935,
    4.725916666666662,
    4.739916666666662,
    4.754583333333329,
    4.768583333333329,
    4.782583333333329,
    4.7972499999999965,
    4.809499999999997,
    4.824083333333331,
    4.836916666666663,
    4.8491666666666635,
    4.861416666666664,
    4.87058333333333,
    4.879749999999997,
    4.88933333333333,
    4.898916666666664,
    4.907666666666664,
    4.916833333333331,
    4.925583333333331,
    4.932916666666664,
    4.939916666666664,
    4.9475833333333314,
    4.954583333333331,
    4.963249999999998,
    4.97058333333333,
    4.9779166666666645,
    4.985249999999998,
    4.992249999999998,
    4.999583333333331,
    5.004833333333331,
    5.0100833333333314,
    5.016333333333331,
    5.02208333333333,
    5.02733333333333,
    5.0325833333333305,
    5.037833333333331,
    5.043083333333331,
    5.0485833333333305,
    5.054333333333331,
    5.05958333333333,
    5.065083333333331,
    5.070333333333331,
    5.07558333333333,
    5.08083333333333,
    5.086333333333331,
    5.09158333333333,
    5.09758333333333,
    5.101249999999998,
    5.1047499999999975,
    5.108416666666664,
    5.111916666666665,
    5.115583333333331,
    5.1190833333333305,
    5.12258333333333,
    5.126749999999998,
    5.1302499999999975,
    5.133749999999998,
    5.137416666666664,
    5.140916666666664,
    5.144249999999997,
    5.147749999999998,
    5.151583333333331,
    5.15508333333333,
    5.158416666666665,
    5.162083333333331,
    5.165749999999997,
    5.169249999999997,
    5.172749999999998,
    5.176416666666664,
    5.180416666666663,
    5.183916666666664,
    5.187416666666664,
    5.190916666666664,
    5.194249999999997,
    5.197916666666663,
    5.201583333333331
  ],
  "throughput_history": [
    0.0,
    0.0,
    0.0
  ],
  "algorithm_comparison": {
    "time_based": {
      "cycles": 0,
      "avg_queue": 4.050238577742673,
      "avg_delay": 4.914929064162758,