{
  "timestamp": 1772902242.3579264,
  "metrics": {
    "avg_wait": 6.774999999999971,
    "throughput": 0.4993757802746571,
    "queue_lengths": {
      "ns": 0,
      "ew": 1
    },
    "vehicles_total": 18,
    "exited_total": 16,
    "weather": "fog",
    "rush_hour": false,
    "pedestrians": 18,
    "close_calls": 3,
    "avg_speed": 1.405987654320988,
    "vehicle_mix": {
      "CAR": 7,
      "BUS": 3,
      "TRUCK": 3,
      "MOTORCYCLE": 5,
      "EMERGENCY": 0
    },
    "pedestrian_signals": {
      "ns_cross": "WALK",
      "ew_cross": "STOP"
    }
  },
  "wait_history": [
    6.465624999999977,
    6.465624999999977,
    6.472812499999976,
    6.472812499999976,
    6.4809374999999765,
    6.4809374999999765,
    6.487499999999976,
    6.487499999999976,
    6.495937499999976,
    6.495937499999976,
    6.503124999999977,
    6.503124999999977,
    6.511874999999976,
    6.511874999999976,
    6.519374999999976,
    6.519374999999976,
    6.528437499999976,
    6.528437499999976,
    6.535937499999976,
    6.535937499999976,
    6.544062499999976,
    6.544062499999976,
    6.5521874999999765,
    6.5521874999999765,
    6.559687499999977,
    6.559687499999977,
    6.568124999999977,
    6.568124999999977,
    6.5756249999999765,
    6.5756249999999765,
    6.5843749999999766,
    6.5843749999999766,
    6.593437499999976,
    6.593437499999976,
    6.602812499999977,
    6.602812499999977,
    6.611249999999977,
    6.611249999999977,
    6.618749999999977,
    6.618749999999977,
    6.626874999999977,
    6.626874999999977,
    6.634999999999976,
    6.634999999999976,
    6.643124999999976,
    6.643124999999976,
    6.650937499999976,
    6.650937499999976,
    6.658437499999977,
    6.658437499999977,
    6.6665624999999755,
    6.6665624999999755,
    6.674999999999977,
    6.674999999999977,
    6.683749999999977,
    6.683749999999977,
    6.6909374999999764,
    6.6909374999999764,
    6.699687499999976,
    6.699687499999976,
    6.710937499999976,
    6.710937499999976,
    6.718437499999975,
    6.718437499999975,
    6.725624999999976,
    6.725624999999976,
    6.733124999999976,
    6.733124999999976,
    6.7406249999999766,
    6.7406249999999766,
    6.748124999999976,
    6.748124999999976,
    6.7562499999999766,
    6.7562499999999766,
    6.7640624999999766,
    6.7640624999999766,
    6.774687499999976,
    6.774687499999976,
    6.783124999999976,
    6.783124999999976,
    6.791562499999976,
    6.791562499999976,
    6.799374999999976,
    6.799374999999976,
    6.809374999999976,
    6.809374999999976,
    6.817499999999976,
    6.817499999999976,
    6.825937499999976,
    6.825937499999976,
    6.837187499999976,
    6.837187499999976,
    6.8453124999999755,
    6.8453124999999755,
    6.854374999999977,
    6.854374999999977,
    6.861562499999976,
    6.861562499999976,
    6.869374999999975,
    6.869374999999975,
    6.876562499999976,
    6.876562499999976,
    6.883749999999975,
    6.883749999999975,
    6.8912499999999755,
    6.8912499999999755,
    6.898437499999975,
    6.898437499999975,
    6.906249999999976,
    6.906249999999976,
    6.913437499999975,
    6.913437499999975,
    6.920312499999976,
    6.920312499999976,
    6.928124999999975,
    6.928124999999975,
    6.527058823529388,
    6.527058823529388,
    6.534411764705858,
    6.534411764705858,
    6.540882352941153,
    6.540882352941153,
    6.547352941176446,
    6.547352941176446,
    6.554705882352916,
    6.554705882352916,
    6.56117647058821,
    6.56117647058821,
    6.567941176470563,
    6.567941176470563,
    6.574705882352916,
    6.574705882352916,
    6.581764705882327,
    6.581764705882327,
    6.5891176470587975,
    6.5891176470587975,
    6.595588235294092,
    6.595588235294092,
    6.602352941176445,
    6.602352941176445,
    6.609117647058798,
    6.609117647058798,
    6.616176470588209,
    6.616176470588209,
    6.623235294117621,
    6.623235294117621,
    6.629411764705857,
    6.629411764705857,
    6.63617647058821,
    6.63617647058821,
    6.643235294117622,
    6.643235294117622,
    6.649705882352916,
    6.649705882352916,
    6.657058823529386,
    6.657058823529386,
    6.66352941176468,
    6.66352941176468,
    6.670588235294092,
    6.670588235294092,
    6.677941176470561,
    6.677941176470561,
    6.684999999999974,
    6.684999999999974,
    6.692058823529386,
    6.692058823529386,
    6.69852941176468,
    6.69852941176468,
    6.70588235294115,
    6.70588235294115,
    6.7123529411764435,
    6.7123529411764435,
    6.7197058823529145,
    6.7197058823529145,
    6.727352941176443,
    6.727352941176443,
    6.735294117647031,
    6.735294117647031,
    6.742352941176443,
    6.742352941176443,
    6.750294117647032,
    6.750294117647032,
    6.757058823529385,
    6.757058823529385,
    6.764117647058797,
    6.764117647058797,
    6.7708823529411495,
    6.7708823529411495,
    6.77823529411762,
    6.77823529411762,
    6.786176470588208,
    6.786176470588208,
    6.792941176470562,
    6.792941176470562,
    6.800882352941151,
    6.800882352941151,
    6.809411764705855,
    6.809411764705855,
    6.8158823529411485,
    6.8158823529411485,
    6.822647058823502,
    6.822647058823502,
    6.8294117647058545,
    6.8294117647058545,
    6.836764705882325,
    6.836764705882325,
    6.8435294117646785,
    6.8435294117646785,
    6.849705882352914,
    6.849705882352914,
    6.856470588235266,
    6.856470588235266,
    6.863823529411738,
    6.863823529411738,
    6.87029411764703,
    6.87029411764703,
    6.877941176470561,
    6.877941176470561,
    6.884117647058796,
    6.884117647058796,
    6.891470588235266,
    6.891470588235266,
    6.898235294117619,
    6.898235294117619,
    6.905588235294089,
    6.905588235294089,
    6.912647058823501,
    6.912647058823501,
    6.9194117647058535,
    6.9194117647058535,
    6.9267647058823245,
    6.9267647058823245,
    6.9329411764705595,
    6.9329411764705595,
    6.939411764705854,
    6.939411764705854,
    6.947352941176442,
    6.947352941176442,
    6.956470588235265,
    6.956470588235265,
    6.963823529411735,
    6.963823529411735,
    6.970882352941148,
    6.970882352941148,
    6.977058823529383,
    6.977058823529383,
    6.9835294117646765,
    6.9835294117646765,
    6.991764705882325,
    6.991764705882325,
    6.998235294117618,
    6.998235294117618,
    7.005294117647029,
    7.005294117647029,
    7.012941176470558,
    7.012941176470558,
    7.020294117647029,
    7.020294117647029,
    7.026470588235264,
    7.026470588235264,
    7.033823529411735,
    7.033823529411735,
    6.649444444444416,
    6.649444444444416,
    6.656111111111084,
    6.656111111111084,
    6.662777777777751,
    6.662777777777751,
    6.669444444444417,
    6.669444444444417,
    6.676111111111084,
    6.676111111111084,
    6.682499999999973,
    6.682499999999973,
    6.689444444444415,
    6.689444444444415,
    6.695833333333305,
    6.695833333333305,
    6.702499999999972,
    6.702499999999972,
    6.710277777777749,
    6.710277777777749,
    6.717499999999971,
    6.717499999999971,
    6.724444444444416,
    6.724444444444416,
    6.732777777777749,
    6.732777777777749,
    6.739999999999971,
    6.739999999999971,
    6.746666666666638,
    6.746666666666638,
    6.754166666666638,
    6.754166666666638,
    6.761111111111083,
    6.761111111111083,
    6.768333333333305,
    6.768333333333305,
    6.774999999999971,
    6.774999999999971
  ],
  "throughput_history": [
    0.0,
    0.0,
    0.6242197253433205,
    0.2499375156210943,
    0.0,
    0.24919013207077045,
    0.37439161362785583,
    0.4993757802746571
  ],
  "algorithm_comparison": {
    "traffic_responsive": {
      "cycles": 0,
      "avg_queue": 0.0,
      "avg_delay": 7.619177659631727,
      "throughput": 0.22430717111947981
    }
  },
  "congestion_heatmap": [
    {
      "cell": [
        25,
        2
      ],