{
  "timestamp": 1772904945.6401906,
  "metrics": {
    "avg_wait": 15.89489130434785,
    "throughput": 0.0,
    "queue_lengths": {
      "ns": 5,
      "ew": 8
    },
    "vehicles_total": 46,
    "exited_total": 0,
    "weather": "rain",
    "rush_hour": false,
    "pedestrians": 21,
    "close_calls": 19,
    "avg_speed": 0.5168355246394113,
    "vehicle_mix": {
      "CAR": 46,
      "BUS": 0,
      "TRUCK": 0,
      "MOTORCYCLE": 0,
      "EMERGENCY": 0
    },
    "pedestrian_signals": {
      "ns_cross": "STOP",
      "ew_cross": "WALK"
    }
  },
  "wait_history": [
    16.17479545454546,
    16.17479545454546,
    16.177659090909103,
    16.177659090909103,
    16.18036363636364,
    16.18036363636364,
    16.18306818181819,
    16.18306818181819,
    16.187204545454552,
    16.187204545454552,
    16.1899090909091,
    16.1899090909091,
    16.192772727272736,
    16.192772727272736,
    16.195477272727285,
    16.195477272727285,
    16.198500000000006,
    16.198500000000006,
    16.201204545454555,
    16.201204545454555,
    16.204068181818187,
    16.204068181818187,
    16.206772727272735,
    16.206772727272735,
    16.209477272727277,
    16.209477272727277,
    16.212181818181826,
    16.212181818181826,
    16.21488636363637,
    16.21488636363637,
    16.21759090909092,
    16.21759090909092,
    16.220454545454558,
    16.220454545454558,
    16.223159090909096,
    16.223159090909096,
    16.225863636363645,
    16.225863636363645,
    16.22952272727274,
    16.22952272727274,
    16.232386363636376,
    16.232386363636376,
    16.235090909090925,
    16.235090909090925,
    16.23795454545456,
    16.23795454545456,
    16.2408181818182,
    16.2408181818182,
    16.245113636363648,
    16.245113636363648,
    16.248136363636377,
    16.248136363636377,
    16.250840909090922,
    16.250840909090922,
    16.25338636363638,
    16.25338636363638,
    16.256090909090926,
    16.256090909090926,
    16.258795454545467,
    16.258795454545467,
    16.261500000000016,
    16.261500000000016,
    16.264204545454557,
    16.264204545454557,
    16.26738636363638,
    16.26738636363638,
    16.271363636363652,
    16.271363636363652,
    16.274068181818198,
    16.274068181818198,
    16.276772727272743,
    16.276772727272743,
    16.279477272727288,
    16.279477272727288,
    16.282181818181833,
    16.282181818181833,
    16.28504545454547,
    16.28504545454547,
    16.287750000000017,
    16.287750000000017,
    16.290454545454562,
    16.290454545454562,
    16.293159090909107,
    16.293159090909107,
    16.295863636363652,
    16.295863636363652,
    16.2985681818182,
    16.2985681818182,
    16.301272727272746,
    16.301272727272746,
    16.303977272727295,
    16.303977272727295,
    16.30747727272729,
    16.30747727272729,
    16.310340909090925,
    16.310340909090925,
    16.31288636363638,
    16.31288636363638,
    16.315750000000016,
    16.315750000000016,
    16.318454545454564,
    16.318454545454564,
    16.32115909090911,
    16.32115909090911,
    16.324181818181838,
    16.324181818181838,
    16.327045454545473,
    16.327045454545473,
    16.329750000000015,
    16.329750000000015,
    16.332613636363657,
    16.332613636363657,
    16.335318181818206,
    16.335318181818206,
    16.338181818181837,
    16.338181818181837,
    16.340727272727296,
    16.340727272727296,
    16.34359090909093,
    16.34359090909093,
    16.346295454545476,
    16.346295454545476,
    16.35011363636366,
    16.35011363636366,
    16.352977272727294,
    16.352977272727294,
    16.35584090909093,
    16.35584090909093,
    16.358545454545478,
    16.358545454545478,
    16.361409090909113,
    16.361409090909113,
    16.364113636363655,
    16.364113636363655,
    16.366818181818203,
    16.366818181818203,
    16.369681818181842,
    16.369681818181842,
    16.372386363636384,
    16.372386363636384,
    16.375090909090932,
    16.375090909090932,
    16.377795454545474,
    16.377795454545474,
    16.380659090909116,
    16.380659090909116,
    16.38352272727275,
    16.38352272727275,
    16.38654545454548,
    16.38654545454548,
    16.39036363636366,
    16.39036363636366,
    16.3932272727273,
    16.3932272727273,
    16.39609090909093,
    16.39609090909093,
    16.39911363636366,
    16.39911363636366,
    16.401818181818207,
    16.401818181818207,
    16.404681818181846,
    16.404681818181846,
    16.407704545454568,
    16.407704545454568,
    16.410568181818203,
    16.410568181818203,
    16.413431818181845,
    16.413431818181845,
    16.41629545454548,
    16.41629545454548,
    16.419477272727296,
    16.419477272727296,
    16.422500000000024,
    16.422500000000024,
    16.060355555555585,
    16.060355555555585,
    16.063311111111137,
    16.063311111111137,
    16.067200000000025,
    16.067200000000025,
    16.07015555555558,
    16.07015555555558,
    16.07326666666669,
    16.07326666666669,
    16.076222222222246,
    16.076222222222246,
    16.07902222222225,
    16.07902222222225,
    16.0819777777778,
    16.0819777777778,
    16.0847777777778,
    16.0847777777778,
    16.087888888888912,
    16.087888888888912,
    16.091000000000026,
    16.091000000000026,
    16.094266666666694,
    16.094266666666694,
    16.097222222222246,
    16.097222222222246,
    16.10033333333336,
    16.10033333333336,
    16.103133333333357,
    16.103133333333357,
    16.108111111111135,
    16.108111111111135,
    16.11106666666669,
    16.11106666666669,
    16.114022222222243,
    16.114022222222243,
    16.11713333333336,
    16.11713333333336,
    16.119933333333353,
    16.119933333333353,
    16.122733333333358,
    16.122733333333358,
    16.125688888888916,
    16.125688888888916,
    16.12864444444447,
    16.12864444444447,
    16.13128888888891,
    16.13128888888891,
    16.13408888888891,
    16.13408888888891,
    16.136888888888915,
    16.136888888888915,
    16.13953333333336,
    16.13953333333336,
    16.142800000000022,
    16.142800000000022,
    16.147155555555578,
    16.147155555555578,
    16.150111111111137,
    16.150111111111137,
    16.153066666666692,
    16.153066666666692,
    16.15633333333336,
    16.15633333333336,
    16.159133333333358,
    16.159133333333358,
    15.810434782608718,
    15.810434782608718,
    15.813326086956545,
    15.813326086956545,
    15.816065217391332,
    15.816065217391332,
    15.818804347826111,
    15.818804347826111,
    15.821543478260892,
    15.821543478260892,
    15.824282608695675,
    15.824282608695675,
    15.827021739130462,
    15.827021739130462,
    15.829760869565241,
    15.829760869565241,
    15.832652173913068,
    15.832652173913068,
    15.836304347826113,
    15.836304347826113,
    15.83919565217394,
    15.83919565217394,
    15.842086956521767,
    15.842086956521767,
    15.844826086956543,
    15.844826086956543,
    15.84802173913046,
    15.84802173913046,
    15.851065217391326,
    15.851065217391326,
    15.854260869565241,
    15.854260869565241,
    15.857000000000028,
    15.857000000000028,
    15.85989130434785,
    15.85989130434785,
    15.862782608695674,
    15.862782608695674,
    15.865673913043501,
    15.865673913043501,
    15.868717391304376,
    15.868717391304376,
    15.871456521739155,
    15.871456521739155,
    15.875413043478286,
    15.875413043478286,
    15.878304347826113,
    15.878304347826113,
    15.88119565217394,
    15.88119565217394,
    15.884086956521767,
    15.884086956521767,
    15.886826086956546,
    15.886826086956546,
    15.889565217391327,
    15.889565217391327,
    15.89230434782611,
    15.89230434782611,
    15.89489130434785,
    15.89489130434785
  ],
  "throughput_history": [
    0.0,
    0.0,
    0.0,
    0.0,
    0.0,
    0.0,
    0.0,
    0.0,
    0.0,
    0.0,
    0.0,
    0.0
  ],
  "algorithm_comparison": {
    "traffic_responsive": {
      "cycles": 0,
      "avg_queue": 0.0,
      "avg_delay": 0.0,
      "throughput": 0.0
    },